profile_id,immediate_available_capital_10k_krw,max_self_investment_10k_krw,operating_reserve_10k_krw,funding_self_savings_flag,self_savings_amount_10k_krw,funding_family_flag,family_funding_amount_10k_krw,funding_investor_flag,investor_funding_amount_10k_krw,funding_loan_flag,loan_status,desired_loan_amount_10k_krw,expected_interest_rate_pct,loan_term_months,repayment_method,current_debt_total_10k_krw,current_monthly_debt_payment_10k_krw,minimum_monthly_living_cost_10k_krw,post_startup_household_monthly_after_tax_income_10k_krw,planned_expense_1_purpose,planned_expense_1_amount_10k_krw,planned_expense_1_timing_months,planned_expense_2_purpose,planned_expense_2_amount_10k_krw,planned_expense_2_timing_months,current_franchise_store_count,existing_store_monthly_net_profit_10k_krw,new_store_planned_operation_months,target_monthly_after_tax_income_10k_krw,target_payback_years,actual_startup_timing_months,preferred_industry_count,preferred_industry_1,preferred_industry_2,preferred_industry_3
USR00001,9900,7800,2100,1,9900,1,3400,0,0,0,대출 계획 없음,0,0,0,해당 없음,0,0,340,470,출산·육아,1200,6,없음,0,0,0,0,24,0,0,24,1,교육 (교과),,
USR00002,25600,20700,4900,1,25600,0,0,0,0,1,검토 중,14900,8.14,120,원리금균등상환,8400,90,240,0,출산·육아,1500,24,없음,0,0,0,0,6,1480,1.5,12,2,교육 (외국어),중식,
USR00003,6900,5100,1800,1,6900,0,0,0,0,0,대출 계획 없음,0,0,0,해당 없음,0,0,430,640,없음,0,0,없음,0,0,0,0,6,1320,2.5,12,1,기타 교육,,
USR00004,4300,3600,700,1,4300,1,800,0,0,1,검토 중,13700,3.79,84,만기일시상환,0,0,390,400,없음,0,0,없음,0,0,0,0,36,1200,0,6,1,기타 서비스,,
USR00005,9400,8200,1200,1,9400,0,0,0,0,0,대출 계획 없음,0,0,0,해당 없음,7800,90,530,0,의료,5800,12,없음,0,0,0,0,60,1060,3,24,1,기타 외국식,,
USR00006,18900,16800,2100,1,18900,0,0,0,0,1,승인 완료,5000,6.05,36,만기일시상환,0,0,200,220,기타,6200,12,없음,0,0,0,0,6,650,5.5,24,2,기타 외식,패스트푸드,
USR00007,12900,10700,2200,1,12900,0,0,0,0,1,사전 상담 완료,12400,11.53,60,원금균등상환,4800,150,560,0,차량 구입,7700,24,없음,0,0,0,0,36,0,4.5,6,1,기타도소매,,
USR00008,10500,7500,3000,1,10500,0,0,0,0,0,대출 계획 없음,0,0,0,해당 없음,0,0,380,210,가족 지원,8200,18,없음,0,0,1,480,24,1030,1.5,24,2,기타도소매,교육 (교과),
USR00009,4800,3400,1400,1,4800,0,0,0,0,1,검토 중,6100,8.12,24,만기일시상환,27500,420,210,0,없음,0,0,없음,0,0,0,0,36,360,6,36,1,분식,,
USR00010,8500,6200,2300,1,8500,0,0,0,0,0,대출 계획 없음,0,0,0,해당 없음,4900,80,430,480,결혼,2500,18,없음,0,0,0,0,6,400,0,12,2,서양식,기타 외국식,
USR00011,5200,3800,1400,1,5200,0,0,1,1700,0,대출 계획 없음,0,0,0,해당 없음,0,0,280,0,차량 구입,1000,36,없음,0,0,0,0,120,1190,5,12,2,세탁,기타도소매,
USR00012,19400,15300,4100,1,19400,0,0,0,0,1,사전 상담 완료,12400,3.6,24,만기일시상환,12000,210,400,190,기타,3800,12,가족 지원,3900,30,0,0,6,540,3.5,12,2,스포츠 관련,유아 관련 (교육 외),
USR00013,2800,2400,400,1,2800,0,0,0,0,1,검토 중,13700,7.83,60,만기일시상환,8800,100,280,310,없음,0,0,없음,0,0,0,0,36,1260,5,6,2,아이스크림/빙수 ,편의점,
USR00014,8500,6500,2000,1,8500,0,0,0,0,1,사전 상담 완료,5400,9.16,120,만기일시상환,0,0,360,800,차량 구입,7000,6,없음,0,0,0,0,12,310,6.5,12,2,안경,음료 (커피 외),
USR00015,5600,4400,1200,1,5600,1,1000,0,0,1,승인 완료,1500,8.82,12,원리금균등상환,0,0,160,810,교육,10000,30,없음,0,0,0,0,24,1060,1.5,12,1,기타도소매,,
USR00016,12900,10700,2200,1,12900,0,0,0,0,0,대출 계획 없음,0,0,0,해당 없음,4900,80,280,360,주거 이전,3900,18,차량 구입,5700,24,0,0,60,830,1,24,1,오락,,
USR00017,4600,3500,1100,1,4600,0,0,0,0,1,검토 중,14800,3.32,60,원금균등상환,21100,250,580,160,기타,9100,6,없음,0,0,0,0,12,380,6.5,12,2,운송,커피,
USR00018,10400,7700,2700,1,10400,0,0,0,0,1,검토 중,7300,4.14,12,만기일시상환,0,0,450,600,기타,5700,6,차량 구입,5500,12,0,0,36,1270,0,24,1,유아 관련 (교육 외),,
USR00019,10700,9200,1500,1,10700,0,0,0,0,0,대출 계획 없음,0,0,0,해당 없음,0,0,430,0,기타,1200,12,없음,0,0,0,0,12,350,2.5,12,1,유아 관련 (교육 외),,
USR00020,2700,2400,300,1,2700,0,0,0,0,1,사전 상담 완료,8100,3.23,120,원금균등상환,25700,400,580,150,주거 이전,3900,6,교육,900,36,0,0,6,0,4,6,1,음료 (커피 외),,
USR00021,3000,2500,500,1,3000,1,3400,1,9600,0,대출 계획 없음,0,0,0,해당 없음,1500,20,390,410,기타,9400,24,가족 지원,2000,18,0,0,36,510,1.5,3,1,기타도소매,,
USR00022,16500,12800,3700,1,16500,0,0,0,0,0,대출 계획 없음,0,0,0,해당 없음,0,0,280,240,없음,0,0,없음,0,0,1,1270,12,1220,0,12,1,이미용,,
USR00023,6200,5200,1000,1,6200,1,2100,0,0,1,검토 중,8800,6.86,120,원금균등상환,15000,290,270,0,없음,0,0,없음,0,0,0,0,36,1010,3,3,1,이사,,
USR00024,3300,2600,700,1,3300,1,4000,0,0,1,사전 상담 완료,9500,3.71,12,원금균등상환,0,0,570,830,결혼,800,24,없음,0,0,0,0,24,1340,4,12,2,인력 파견,기타 외국식,
USR00025,700,500,200,1,700,1,4400,0,0,1,검토 중,10700,7.16,60,원금균등상환,0,0,430,540,교육,1200,12,없음,0,0,0,0,36,970,3,3,1,일식,,
USR00026,1800,1400,400,1,1800,0,0,0,0,1,승인 완료,8700,5.8,12,만기일시상환,0,0,200,730,없음,0,0,없음,0,0,0,0,60,990,2,24,1,임대,,
USR00027,2300,1700,600,1,2300,0,0,0,0,1,검토 중,11200,9.36,36,원금균등상환,0,0,350,880,차량 구입,400,18,없음,0,0,0,0,60,820,0,12,1,자동차 관련,,
USR00028,3700,2800,900,1,3700,0,0,0,0,0,대출 계획 없음,0,0,0,해당 없음,29700,360,480,300,없음,0,0,없음,0,0,0,0,12,1260,1.5,6,1,제과제빵,,
USR00029,12500,10100,2400,1,12500,0,0,0,0,1,승인 완료,5800,8.21,36,원금균등상환,18300,190,390,480,없음,0,0,없음,0,0,0,0,24,0,0,3,1,주점,,
USR00030,23000,20000,3000,1,23000,1,4200,0,0,1,검토 중,9000,10.28,60,원리금균등상환,0,0,480,430,없음,0,0,없음,0,0,0,0,60,850,1.5,6,2,중식,패스트푸드,
USR00031,14500,11200,3300,1,14500,0,0,0,0,1,승인 완료,8900,11.37,12,원리금균등상환,0,0,300,0,기타,6800,12,없음,0,0,0,0,60,1030,4.5,3,1,치킨,,
USR00032,6400,5500,900,1,6400,0,0,0,0,1,검토 중,11700,3.36,36,만기일시상환,0,0,250,0,없음,0,0,없음,0,0,0,0,24,890,1,12,1,커피,,
USR00033,1800,1400,400,1,1800,0,0,0,0,1,검토 중,2000,11.05,48,원금균등상환,10000,170,290,0,주거 이전,5300,30,없음,0,0,0,0,120,320,4,12,1,패스트푸드,,
USR00034,8900,7600,1300,1,8900,1,4100,0,0,1,검토 중,3500,7.67,120,만기일시상환,16100,310,400,400,없음,0,0,없음,0,0,0,0,120,620,6.5,6,2,편의점,분식,
USR00035,8800,7100,1700,1,8800,1,2600,0,0,1,사전 상담 완료,2300,4.65,120,원금균등상환,0,0,380,480,없음,0,0,없음,0,0,0,0,120,780,1.5,12,1,피자,,
USR00036,10300,8400,1900,1,10300,0,0,0,0,1,검토 중,8400,3.14,24,원금균등상환,0,0,370,870,없음,0,0,없음,0,0,0,0,60,420,5.5,36,2,한식,기타 외국식,
USR00037,2200,1900,300,1,2200,1,1000,0,0,0,대출 계획 없음,0,0,0,해당 없음,0,0,260,150,결혼,8500,36,없음,0,0,1,2660,12,620,5,12,1,화장품,,
USR00038,13400,10500,2900,1,13400,0,0,0,0,1,승인 완료,11100,11.79,120,원금균등상환,12700,170,500,0,가족 지원,9400,12,없음,0,0,0,0,12,400,3.5,6,1,PC방,,
USR00039,2800,2000,800,1,2800,0,0,0,0,0,대출 계획 없음,0,0,0,해당 없음,6400,100,380,150,없음,0,0,없음,0,0,0,0,24,390,6,12,2,교육 (교과),음료 (커피 외),
USR00040,7600,6400,1200,1,7600,1,3300,0,0,1,승인 완료,1100,4.74,60,원금균등상환,0,0,200,500,없음,0,0,없음,0,0,0,0,36,390,3,12,1,교육 (외국어),,
USR00041,14700,11400,3300,1,14700,0,0,0,0,1,사전 상담 완료,11900,7.08,84,만기일시상환,26700,410,300,470,기타,9800,6,없음,0,0,2,1450,120,1340,4,6,1,기타 교육,,
USR00042,3700,2800,900,1,3700,0,0,0,0,1,검토 중,7200,3.29,36,원리금균등상환,0,0,170,790,차량 구입,9500,36,없음,0,0,0,0,24,0,3.5,12,1,기타 서비스,,
USR00043,6700,5600,1100,1,6700,0,0,0,0,1,검토 중,7500,8.4,120,원금균등상환,0,0,400,600,없음,0,0,없음,0,0,0,0,120,280,2.5,6,2,기타 외국식,한식,
USR00044,6500,5700,800,1,6500,0,0,1,8400,1,사전 상담 완료,11500,11.29,12,원리금균등상환,13100,200,530,540,출산·육아,1800,6,차량 구입,2600,12,0,0,6,1140,3.5,6,1,기타 외식,,
USR00045,7100,6200,900,1,7100,1,3000,0,0,1,승인 완료,3200,8.23,12,원금균등상환,0,0,330,340,주거 이전,3300,12,결혼,6300,6,0,0,12,0,5,12,1,기타도소매,,
USR00046,12400,9400,3000,1,12400,0,0,0,0,1,검토 중,2000,10.3,24,원금균등상환,0,0,560,750,없음,0,0,없음,0,0,0,0,36,270,6.5,12,1,기타도소매,,
USR00047,7400,6200,1200,1,7400,0,0,0,0,1,사전 상담 완료,4700,10.17,120,만기일시상환,0,0,230,700,없음,0,0,없음,0,0,0,0,12,0,6,12,1,분식,,
USR00048,13100,10900,2200,1,13100,0,0,0,0,1,승인 완료,10000,11.73,24,원리금균등상환,0,0,240,310,기타,4200,12,없음,0,0,0,0,24,260,2,6,1,서양식,,
USR00049,9900,7900,2000,1,9900,0,0,0,0,1,사전 상담 완료,6500,9.32,12,만기일시상환,0,0,360,0,교육,4500,24,없음,0,0,3,7020,36,970,0,12,3,세탁,아이스크림/빙수 ,기타도소매
USR00050,700,500,200,1,700,0,0,0,0,1,사전 상담 완료,10700,8.12,48,만기일시상환,0,0,370,780,없음,0,0,없음,0,0,0,0,60,1030,5.5,6,1,스포츠 관련,,
USR00051,27700,19800,7900,1,27700,0,0,0,0,0,대출 계획 없음,0,0,0,해당 없음,0,0,330,540,없음,0,0,없음,0,0,0,0,36,1120,0,24,2,아이스크림/빙수 ,PC방,
USR00052,7500,6600,900,1,7500,1,4900,1,9400,0,대출 계획 없음,0,0,0,해당 없음,19700,260,480,660,출산·육아,1700,36,없음,0,0,0,0,36,1360,2.5,12,1,안경,,
USR00053,1900,1600,300,1,1900,0,0,0,0,1,사전 상담 완료,6700,6.69,48,원리금균등상환,0,0,230,890,없음,0,0,없음,0,0,3,6390,120,870,3,3,1,기타도소매,,
USR00054,3700,3100,600,1,3700,0,0,0,0,1,사전 상담 완료,10700,8.21,36,원리금균등상환,22200,420,250,710,없음,0,0,없음,0,0,0,0,6,410,2,36,1,오락,,
USR00055,23700,19200,4500,1,23700,0,0,0,0,0,대출 계획 없음,0,0,0,해당 없음,19200,510,330,0,없음,0,0,없음,0,0,0,0,6,0,3.5,6,1,운송,,
USR00056,8600,6300,2300,1,8600,0,0,0,0,0,대출 계획 없음,0,0,0,해당 없음,7600,200,340,0,없음,0,0,없음,0,0,0,0,6,0,5.5,12,1,유아 관련 (교육 외),,
USR00057,6200,4400,1800,1,6200,0,0,0,0,1,검토 중,10500,9.79,48,만기일시상환,0,0,470,770,없음,0,0,없음,0,0,0,0,60,1140,1,12,1,유아 관련 (교육 외),,
USR00058,1300,1000,300,1,1300,0,0,1,6300,0,대출 계획 없음,0,0,0,해당 없음,0,0,420,500,없음,0,0,없음,0,0,0,0,60,0,0,3,1,음료 (커피 외),,
USR00059,1700,1300,400,1,1700,1,3200,0,0,1,사전 상담 완료,8600,5.84,24,원금균등상환,19800,190,390,770,주거 이전,5500,36,없음,0,0,0,0,6,0,1,12,1,기타도소매,,
USR00060,600,400,200,1,600,1,500,0,0,1,사전 상담 완료,10400,8.75,24,원리금균등상환,0,0,480,600,없음,0,0,없음,0,0,2,2270,24,1490,4.5,3,1,이미용,,
USR00061,7600,6100,1500,1,7600,1,2400,0,0,1,검토 중,2200,5.8,60,만기일시상환,2900,40,310,610,기타,600,12,교육,1700,12,1,410,24,700,4,12,1,이사,,
USR00062,2400,2000,400,1,2400,0,0,0,0,0,대출 계획 없음,0,0,0,해당 없음,0,0,520,220,없음,0,0,없음,0,0,0,0,36,860,2,6,1,인력 파견,,
USR00063,7900,6200,1700,1,7900,1,2300,0,0,1,검토 중,13400,4.56,84,원금균등상환,13600,180,220,630,없음,0,0,없음,0,0,0,0,60,1310,5.5,12,2,일식,유아 관련 (교육 외),
USR00064,3900,3000,900,1,3900,0,0,1,7400,1,검토 중,12100,3.74,48,원금균등상환,0,0,560,0,없음,0,0,없음,0,0,1,2910,120,320,2,12,2,임대,서양식,
USR00065,11500,8900,2600,1,11500,0,0,0,0,1,검토 중,8700,6.21,84,원리금균등상환,7600,90,480,420,출산·육아,5000,30,없음,0,0,0,0,12,1410,5.5,12,1,자동차 관련,,
USR00066,3900,3100,800,1,3900,1,4600,0,0,1,사전 상담 완료,11400,8.05,24,원리금균등상환,24900,250,280,520,없음,0,0,없음,0,0,0,0,24,1490,5,6,1,제과제빵,,
USR00067,6900,5800,1100,1,6900,0,0,0,0,1,검토 중,10900,9.68,36,원금균등상환,16600,200,540,640,가족 지원,3900,6,없음,0,0,0,0,36,0,6.5,12,1,주점,,
USR00068,3700,3000,700,1,3700,1,2000,0,0,1,사전 상담 완료,7100,10.6,12,원리금균등상환,13200,170,260,460,없음,0,0,없음,0,0,0,0,12,1290,6.5,12,1,중식,,
USR00069,5300,4600,700,1,5300,0,0,0,0,1,사전 상담 완료,6900,7.7,120,원리금균등상환,0,0,360,440,없음,0,0,없음,0,0,0,0,6,0,1,12,1,치킨,,
USR00070,7100,5900,1200,1,7100,0,0,0,0,1,승인 완료,4000,3.48,24,원금균등상환,27200,310,530,450,없음,0,0,없음,0,0,0,0,120,510,6.5,12,1,커피,,
USR00071,2800,2400,400,1,2800,0,0,0,0,1,검토 중,13600,6.14,36,원금균등상환,13900,320,540,750,없음,0,0,없음,0,0,0,0,12,1290,0,12,1,패스트푸드,,
USR00072,11900,9800,2100,1,11900,0,0,0,0,1,검토 중,4700,6.25,24,만기일시상환,0,0,580,830,결혼,8000,30,없음,0,0,0,0,120,570,3.5,24,2,편의점,화장품,
USR00073,4300,3300,1000,1,4300,0,0,0,0,0,대출 계획 없음,0,0,0,해당 없음,0,0,190,760,없음,0,0,없음,0,0,0,0,12,1400,5.5,3,1,피자,,
USR00074,3000,2500,500,1,3000,0,0,0,0,1,사전 상담 완료,10700,11,12,원금균등상환,0,0,210,0,없음,0,0,없음,0,0,0,0,120,1020,3,6,1,한식,,
USR00075,4700,4200,500,1,4700,0,0,0,0,0,대출 계획 없음,0,0,0,해당 없음,0,0,390,550,없음,0,0,없음,0,0,3,4390,60,1150,4.5,24,1,화장품,,
USR00076,6200,4500,1700,1,6200,0,0,0,0,1,검토 중,10600,6.93,36,만기일시상환,0,0,280,420,없음,0,0,없음,0,0,0,0,120,550,4,6,1,PC방,,
USR00077,16500,14100,2400,1,16500,0,0,1,3100,1,검토 중,8800,10.29,24,원리금균등상환,0,0,570,290,없음,0,0,없음,0,0,0,0,60,1140,4.5,12,2,교육 (교과),안경,
USR00078,6000,4500,1500,1,6000,0,0,0,0,1,검토 중,9700,10.04,60,원금균등상환,12900,170,440,0,없음,0,0,없음,0,0,0,0,120,770,3,24,1,교육 (외국어),,
USR00079,1500,1300,200,1,1500,0,0,0,0,1,승인 완료,12400,9.43,24,원리금균등상환,0,0,300,690,없음,0,0,없음,0,0,0,0,12,720,0,12,2,기타 교육,커피,
USR00080,5500,4200,1300,1,5500,0,0,0,0,1,검토 중,3800,9.02,48,만기일시상환,0,0,550,560,없음,0,0,없음,0,0,0,0,120,1100,4.5,6,2,기타 서비스,기타 교육,
USR00081,4900,3700,1200,1,4900,0,0,0,0,0,대출 계획 없음,0,0,0,해당 없음,0,0,500,510,없음,0,0,없음,0,0,0,0,120,250,5,12,1,기타 외국식,,
USR00082,2400,2000,400,1,2400,1,500,0,0,1,검토 중,1200,5.14,120,원금균등상환,0,0,220,660,기타,1200,24,없음,0,0,1,480,120,370,3,12,1,기타 외식,,
USR00083,5300,4200,1100,1,5300,0,0,0,0,1,검토 중,6200,8.99,48,원금균등상환,21500,360,450,0,없음,0,0,없음,0,0,0,0,36,870,2.5,12,1,기타도소매,,
USR00084,4200,3300,900,1,4200,0,0,0,0,1,검토 중,14700,11.15,120,원금균등상환,12900,120,500,370,없음,0,0,없음,0,0,0,0,36,260,2.5,12,1,기타도소매,,
USR00085,3400,2900,500,1,3400,0,0,0,0,1,검토 중,12100,10.06,84,원리금균등상환,0,0,260,760,없음,0,0,없음,0,0,3,8000,60,790,2.5,12,1,분식,,
USR00086,500,300,200,1,500,0,0,0,0,0,대출 계획 없음,0,0,0,해당 없음,0,0,460,390,출산·육아,9300,36,기타,7200,24,0,0,60,410,4,3,1,서양식,,
USR00087,700,500,200,1,700,0,0,0,0,1,사전 상담 완료,9200,5.25,48,원금균등상환,0,0,180,310,출산·육아,9900,12,교육,2600,6,0,0,120,450,0,12,1,세탁,,
USR00088,11300,9300,2000,1,11300,0,0,0,0,1,검토 중,2500,7.66,60,만기일시상환,0,0,510,360,없음,0,0,없음,0,0,0,0,24,730,5.5,3,2,스포츠 관련,커피,
USR00089,9500,8400,1100,1,9500,0,0,0,0,1,승인 완료,14100,6.74,84,만기일시상환,26000,310,220,0,없음,0,0,없음,0,0,1,350,24,590,6,12,2,아이스크림/빙수 ,자동차 관련,
USR00090,29700,21100,8600,1,29700,1,4600,0,0,1,검토 중,8900,5.46,84,원금균등상환,18900,600,430,830,결혼,6700,30,없음,0,0,0,0,6,290,6,12,1,안경,,
USR00091,8200,7100,1100,1,8200,0,0,0,0,0,대출 계획 없음,0,0,0,해당 없음,0,0,250,230,주거 이전,5800,24,없음,0,0,0,0,12,700,1.5,6,1,기타도소매,,
USR00092,12100,9900,2200,1,12100,1,600,0,0,1,사전 상담 완료,10900,10.97,12,원리금균등상환,23300,270,260,490,가족 지원,400,6,없음,0,0,0,0,120,310,2.5,3,2,오락,화장품,
USR00093,3400,3000,400,1,3400,1,1200,0,0,1,사전 상담 완료,8800,10.83,84,원금균등상환,0,0,190,880,없음,0,0,없음,0,0,0,0,60,1440,5,6,1,운송,,
USR00094,10100,7600,2500,1,10100,0,0,0,0,0,대출 계획 없음,0,0,0,해당 없음,0,0,550,310,없음,0,0,없음,0,0,0,0,120,670,0,12,1,유아 관련 (교육 외),,
USR00096,4100,3500,600,1,4100,0,0,0,0,1,검토 중,3800,8.48,60,원금균등상환,0,0,270,180,주거 이전,6000,12,없음,0,0,0,0,24,970,4.5,24,1,음료 (커피 외),,
USR00097,900,700,200,1,900,0,0,0,0,0,대출 계획 없음,0,0,0,해당 없음,0,0,480,650,교육,2900,36,없음,0,0,0,0,120,480,0,12,1,기타도소매,,
USR00098,4800,4100,700,1,4800,1,700,0,0,1,검토 중,9100,3.03,60,만기일시상환,3700,80,360,790,없음,0,0,없음,0,0,0,0,120,630,6,12,2,이미용,기타도소매,
USR00099,13800,10300,3500,1,13800,0,0,0,0,1,사전 상담 완료,5700,9.79,120,원금균등상환,0,0,370,0,가족 지원,8600,18,주거 이전,4200,18,0,0,6,1430,0,12,2,이사,피자,
USR00100,4000,3500,500,1,4000,1,4800,0,0,0,대출 계획 없음,0,0,0,해당 없음,15400,270,530,820,의료,700,6,가족 지원,6800,18,0,0,12,570,5,12,1,인력 파견,,
USR00101,3500,2900,600,1,3500,0,0,0,0,1,사전 상담 완료,3300,7.18,12,만기일시상환,0,0,520,740,없음,0,0,없음,0,0,0,0,36,1140,0,12,1,일식,,
USR00102,10400,7800,2600,1,10400,0,0,0,0,1,검토 중,10400,11.79,24,원리금균등상환,0,0,300,890,출산·육아,9600,12,없음,0,0,0,0,36,1130,6.5,12,1,임대,,
USR00103,4700,3900,800,1,4700,0,0,0,0,1,사전 상담 완료,1700,6.17,36,만기일시상환,0,0,590,320,차량 구입,700,30,없음,0,0,0,0,24,1220,4.5,12,1,자동차 관련,,
USR00104,1200,1000,200,1,1200,0,0,0,0,1,검토 중,12400,3.81,36,만기일시상환,0,0,240,890,교육,7000,36,주거 이전,3200,30,0,0,6,320,2.5,6,3,제과제빵,치킨,기타도소매
USR00105,600,400,200,1,600,0,0,1,9700,1,검토 중,11700,4.15,12,원리금균등상환,25900,310,330,570,없음,0,0,없음,0,0,0,0,60,460,6.5,12,1,주점,,
USR00106,11200,8800,2400,1,11200,0,0,0,0,1,검토 중,10900,3.84,36,만기일시상환,20900,400,150,840,없음,0,0,없음,0,0,0,0,36,630,0,24,2,중식,서양식,
USR00107,12900,9400,3500,1,12900,1,4500,1,6700,1,검토 중,4500,9.73,24,만기일시상환,12400,130,420,340,기타,1000,6,없음,0,0,0,0,120,1010,2,24,1,치킨,,
USR00108,10500,8800,1700,1,10500,0,0,0,0,1,검토 중,10700,7.54,84,원리금균등상환,0,0,270,480,없음,0,0,없음,0,0,0,0,24,1010,5,24,1,커피,,
USR00109,6700,6000,700,1,6700,0,0,1,5100,0,대출 계획 없음,0,0,0,해당 없음,0,0,170,0,없음,0,0,없음,0,0,1,1790,24,900,0,12,2,패스트푸드,스포츠 관련,
USR00110,3600,2800,800,1,3600,1,4400,0,0,0,대출 계획 없음,0,0,0,해당 없음,0,0,440,730,없음,0,0,없음,0,0,0,0,36,1240,2,24,3,편의점,서양식,이사
USR00111,12400,11100,1300,1,12400,0,0,0,0,1,검토 중,7900,11.78,120,만기일시상환,0,0,540,0,없음,0,0,없음,0,0,0,0,24,0,2,3,1,피자,,
USR00112,1900,1500,400,1,1900,0,0,0,0,0,대출 계획 없음,0,0,0,해당 없음,12600,200,590,0,의료,6100,36,없음,0,0,0,0,12,910,5.5,6,2,한식,기타 교육,
USR00113,4900,4300,600,1,4900,0,0,0,0,0,대출 계획 없음,0,0,0,해당 없음,22500,330,550,630,없음,0,0,없음,0,0,0,0,36,870,6,12,1,화장품,,
USR00114,12800,11300,1500,1,12800,0,0,0,0,1,사전 상담 완료,3000,9.19,24,원금균등상환,0,0,350,170,없음,0,0,없음,0,0,0,0,36,970,1.5,24,1,PC방,,
USR00115,6100,4700,1400,1,6100,0,0,0,0,0,대출 계획 없음,0,0,0,해당 없음,0,0,470,830,주거 이전,6500,30,가족 지원,6600,18,0,0,24,960,4.5,3,3,교육 (교과),유아 관련 (교육 외),피자
USR00116,28000,22500,5500,1,28000,0,0,0,0,1,검토 중,8600,6.76,60,원리금균등상환,25900,290,340,0,없음,0,0,없음,0,0,0,0,36,1440,2,6,1,교육 (외국어),,
USR00117,1000,700,300,1,1000,1,1200,0,0,1,검토 중,11600,7.35,60,원금균등상환,1700,20,590,660,없음,0,0,없음,0,0,0,0,6,1240,2.5,24,1,기타 교육,,
USR00118,3500,3100,400,1,3500,0,0,0,0,1,사전 상담 완료,9100,11.42,120,만기일시상환,8000,100,300,410,차량 구입,700,6,없음,0,0,0,0,120,0,1.5,12,3,기타 서비스,서양식,화장품
USR00119,9200,6500,2700,1,9200,0,0,0,0,1,검토 중,4100,9.34,60,만기일시상환,0,0,410,210,교육,3400,12,없음,0,0,0,0,60,1360,5.5,36,1,기타 외국식,,
USR00120,12400,9600,2800,1,12400,0,0,0,0,1,승인 완료,7000,10.78,24,원금균등상환,0,0,530,300,없음,0,0,없음,0,0,0,0,12,1430,4,6,1,기타 외식,,
USR00121,5200,4600,600,1,5200,0,0,0,0,0,대출 계획 없음,0,0,0,해당 없음,21800,340,520,350,없음,0,0,없음,0,0,0,0,60,940,0,12,1,기타도소매,,
USR00122,1700,1300,400,1,1700,0,0,1,5300,1,사전 상담 완료,3000,3.83,12,원금균등상환,0,0,400,680,결혼,2000,36,없음,0,0,0,0,6,520,2.5,12,1,기타도소매,,
USR00123,7600,6400,1200,1,7600,0,0,0,0,0,대출 계획 없음,0,0,0,해당 없음,14300,480,540,250,없음,0,0,없음,0,0,0,0,24,1280,4,36,1,분식,,
USR00124,1600,1300,300,1,1600,1,3700,0,0,1,사전 상담 완료,4100,7.4,84,원리금균등상환,0,0,320,160,없음,0,0,없음,0,0,1,2520,6,0,0,24,1,서양식,,
USR00125,10400,7500,2900,1,10400,0,0,1,4700,1,승인 완료,3300,10.76,84,원금균등상환,0,0,590,0,없음,0,0,없음,0,0,0,0,6,730,4.5,24,1,세탁,,
USR00126,4800,3400,1400,1,4800,0,0,0,0,0,대출 계획 없음,0,0,0,해당 없음,0,0,300,250,기타,9100,12,없음,0,0,0,0,12,600,4.5,12,1,스포츠 관련,,
USR00127,2400,2100,300,1,2400,0,0,0,0,0,대출 계획 없음,0,0,0,해당 없음,0,0,300,520,결혼,1600,24,없음,0,0,0,0,60,690,5,12,1,아이스크림/빙수 ,,
USR00128,14800,12900,1900,1,14800,0,0,1,2500,0,대출 계획 없음,0,0,0,해당 없음,0,0,580,420,의료,3400,36,없음,0,0,0,0,36,1280,4,6,1,안경,,
USR00129,16400,14300,2100,1,16400,0,0,0,0,0,대출 계획 없음,0,0,0,해당 없음,15700,490,160,0,없음,0,0,없음,0,0,0,0,36,1430,2.5,6,1,기타도소매,,
USR00130,5300,4800,500,1,5300,0,0,0,0,0,대출 계획 없음,0,0,0,해당 없음,0,0,210,600,기타,5200,24,없음,0,0,0,0,36,720,3,12,3,오락,아이스크림/빙수 ,피자
USR00131,9800,7300,2500,1,9800,0,0,0,0,1,승인 완료,1400,5.66,120,원리금균등상환,24800,550,430,580,차량 구입,2400,36,없음,0,0,0,0,60,530,5,6,1,운송,,
USR00134,3200,2600,600,1,3200,0,0,0,0,0,대출 계획 없음,0,0,0,해당 없음,0,0,330,600,없음,0,0,없음,0,0,2,4900,120,980,7,3,1,음료 (커피 외),,
USR00135,4300,3400,900,1,4300,0,0,0,0,0,대출 계획 없음,0,0,0,해당 없음,0,0,190,790,없음,0,0,없음,0,0,0,0,6,880,0,12,1,기타도소매,,
USR00136,2500,1800,700,1,2500,0,0,0,0,0,대출 계획 없음,0,0,0,해당 없음,0,0,390,770,출산·육아,6900,24,주거 이전,3100,18,0,0,24,310,4,36,2,이미용,안경,
USR00137,2900,2500,400,1,2900,0,0,0,0,1,검토 중,4700,4.22,60,원금균등상환,8100,110,580,380,없음,0,0,없음,0,0,0,0,12,1000,1.5,12,1,이사,,
USR00138,9000,6300,2700,1,9000,0,0,0,0,0,대출 계획 없음,0,0,0,해당 없음,0,0,170,700,차량 구입,1400,6,의료,7400,24,0,0,6,480,6.5,6,1,인력 파견,,
USR00139,10600,8400,2200,1,10600,0,0,0,0,0,대출 계획 없음,0,0,0,해당 없음,0,0,520,780,없음,0,0,없음,0,0,0,0,120,810,3.5,24,1,일식,,
USR00140,600,400,200,1,600,1,1400,0,0,0,대출 계획 없음,0,0,0,해당 없음,0,0,570,870,없음,0,0,없음,0,0,0,0,12,850,3.5,24,1,임대,,
USR00141,4200,3000,1200,1,4200,1,1500,0,0,1,사전 상담 완료,9200,3.61,60,만기일시상환,26200,310,370,0,없음,0,0,없음,0,0,0,0,12,400,3,6,1,자동차 관련,,
USR00142,29800,24900,4900,1,29800,0,0,1,9600,0,대출 계획 없음,0,0,0,해당 없음,0,0,170,200,출산·육아,2200,12,없음,0,0,0,0,60,590,6.5,3,2,제과제빵,유아 관련 (교육 외),
USR00143,13600,9800,3800,1,13600,0,0,0,0,1,승인 완료,11700,10,12,원금균등상환,0,0,210,260,없음,0,0,없음,0,0,0,0,12,500,4,12,1,주점,,
USR00144,2600,2200,400,1,2600,0,0,0,0,1,승인 완료,11500,7.49,24,원리금균등상환,0,0,410,840,차량 구입,6700,18,없음,0,0,0,0,36,1300,2.5,6,1,중식,,
USR00145,8300,6200,2100,1,8300,0,0,0,0,0,대출 계획 없음,0,0,0,해당 없음,0,0,580,520,없음,0,0,없음,0,0,0,0,12,290,4.5,3,1,치킨,,
USR00146,9200,8100,1100,1,9200,0,0,0,0,1,검토 중,13100,11.4,84,원리금균등상환,0,0,540,0,없음,0,0,없음,0,0,1,2330,120,0,7,24,1,커피,,
USR00147,3300,2900,400,1,3300,0,0,0,0,1,사전 상담 완료,3400,3.99,120,원금균등상환,7300,100,340,320,없음,0,0,없음,0,0,0,0,36,1500,4.5,6,1,패스트푸드,,
USR00148,3700,3300,400,1,3700,0,0,0,0,0,대출 계획 없음,0,0,0,해당 없음,0,0,380,400,출산·육아,1700,12,없음,0,0,0,0,60,720,5.5,3,1,편의점,,
USR00149,2100,1800,300,1,2100,0,0,0,0,0,대출 계획 없음,0,0,0,해당 없음,0,0,510,0,의료,4100,18,없음,0,0,0,0,12,0,4,3,1,피자,,
USR00150,2100,1800,300,1,2100,0,0,0,0,1,검토 중,2100,6.7,84,만기일시상환,21300,360,360,790,기타,5800,24,없음,0,0,0,0,60,0,2,12,2,한식,아이스크림/빙수 ,
USR00151,14500,10800,3700,1,14500,0,0,0,0,1,검토 중,11100,11.97,120,원리금균등상환,0,0,570,360,없음,0,0,없음,0,0,0,0,60,1410,1.5,6,2,화장품,교육 (외국어),
USR00152,20500,14900,5600,1,20500,0,0,0,0,0,대출 계획 없음,0,0,0,해당 없음,13100,140,350,0,출산·육아,3300,12,없음,0,0,0,0,120,1080,5.5,6,1,PC방,,
USR00153,2900,2600,300,1,2900,0,0,0,0,1,검토 중,1600,3.93,12,원리금균등상환,0,0,360,460,없음,0,0,없음,0,0,0,0,60,1160,5.5,6,1,교육 (교과),,
USR00154,600,400,200,1,600,1,500,0,0,0,대출 계획 없음,0,0,0,해당 없음,18600,200,410,430,없음,0,0,없음,0,0,0,0,120,1350,7,24,1,교육 (외국어),,
USR00155,1000,800,200,1,1000,0,0,0,0,1,검토 중,7900,6.95,120,원리금균등상환,17800,250,380,630,결혼,2500,36,없음,0,0,0,0,60,1160,3.5,12,1,기타 교육,,
USR00156,13400,11100,2300,1,13400,0,0,0,0,0,대출 계획 없음,0,0,0,해당 없음,28500,310,190,180,차량 구입,6900,12,없음,0,0,0,0,36,710,5,24,2,기타 서비스,편의점,
USR00157,14100,12700,1400,1,14100,0,0,0,0,1,검토 중,9600,3.35,60,만기일시상환,0,0,400,0,가족 지원,7900,12,차량 구입,2400,24,0,0,36,1390,3,24,1,기타 외국식,,
USR00158,14900,10700,4200,1,14900,0,0,0,0,0,대출 계획 없음,0,0,0,해당 없음,2500,70,200,320,없음,0,0,없음,0,0,1,290,24,580,5,6,1,기타 외식,,
USR00159,4900,4200,700,1,4900,0,0,0,0,0,대출 계획 없음,0,0,0,해당 없음,3500,50,460,0,없음,0,0,없음,0,0,0,0,60,1060,2,6,1,기타도소매,,
USR00160,1900,1400,500,1,1900,0,0,0,0,0,대출 계획 없음,0,0,0,해당 없음,0,0,390,660,기타,4200,36,결혼,6700,30,0,0,120,710,2.5,36,1,기타도소매,,
USR00161,1900,1500,400,1,1900,0,0,0,0,1,검토 중,7200,5.35,12,원리금균등상환,0,0,440,710,결혼,3200,18,주거 이전,5200,24,0,0,6,370,3,12,1,분식,,
USR00162,14100,9900,4200,1,14100,0,0,1,7000,0,대출 계획 없음,0,0,0,해당 없음,28000,360,210,310,차량 구입,2600,18,기타,9500,36,1,1900,60,1460,2,24,2,서양식,패스트푸드,
USR00163,2400,1700,700,1,2400,0,0,1,5800,0,대출 계획 없음,0,0,0,해당 없음,11500,140,230,280,없음,0,0,없음,0,0,0,0,36,870,4.5,6,1,세탁,,
USR00164,10700,9300,1400,1,10700,0,0,0,0,1,승인 완료,4700,7.13,48,만기일시상환,13900,170,580,470,없음,0,0,없음,0,0,3,1650,60,1180,1.5,6,1,스포츠 관련,,
USR00165,2100,1600,500,1,2100,0,0,0,0,1,사전 상담 완료,13400,5.25,48,원금균등상환,29100,400,500,680,교육,400,18,없음,0,0,0,0,6,1230,4,6,1,아이스크림/빙수 ,,
USR00166,24400,20700,3700,1,24400,1,1700,0,0,1,검토 중,5800,3.4,60,만기일시상환,0,0,500,440,없음,0,0,없음,0,0,0,0,24,870,4.5,6,1,안경,,
USR00167,9300,7700,1600,1,9300,1,4200,0,0,1,검토 중,5900,5.23,48,원금균등상환,25400,290,540,630,없음,0,0,없음,0,0,0,0,6,1410,5.5,12,2,기타도소매,이사,
USR00168,800,600,200,1,800,0,0,0,0,1,검토 중,2800,11.47,48,원리금균등상환,0,0,430,660,없음,0,0,없음,0,0,0,0,6,1290,7,36,1,오락,,
USR00169,1500,1200,300,1,1500,0,0,0,0,1,승인 완료,7000,8.49,120,원리금균등상환,0,0,270,550,교육,3600,18,없음,0,0,0,0,12,510,6.5,6,1,운송,,
USR00172,4200,3100,1100,1,4200,0,0,0,0,1,검토 중,10100,7.1,12,원금균등상환,0,0,160,460,결혼,9000,30,없음,0,0,0,0,6,1100,2,36,1,음료 (커피 외),,
USR00173,6300,5200,1100,1,6300,0,0,1,2400,1,검토 중,5500,7.37,48,원금균등상환,5800,120,220,840,없음,0,0,없음,0,0,0,0,120,0,5,12,1,기타도소매,,
USR00174,2900,2500,400,1,2900,0,0,0,0,0,대출 계획 없음,0,0,0,해당 없음,0,0,190,410,주거 이전,3000,6,없음,0,0,0,0,12,1340,6.5,24,3,이미용,자동차 관련,커피
USR00175,4500,3600,900,1,4500,0,0,0,0,0,대출 계획 없음,0,0,0,해당 없음,5900,90,250,590,없음,0,0,없음,0,0,0,0,6,900,2.5,12,1,이사,,
USR00176,3900,3000,900,1,3900,0,0,0,0,1,검토 중,1200,6.72,120,만기일시상환,0,0,360,800,없음,0,0,없음,0,0,0,0,12,1040,4.5,12,1,인력 파견,,
USR00177,3300,2700,600,1,3300,0,0,0,0,1,사전 상담 완료,8400,10.29,60,원리금균등상환,2400,30,590,530,없음,0,0,없음,0,0,0,0,12,360,5,6,2,일식,한식,
USR00178,5600,3900,1700,1,5600,1,3500,0,0,1,사전 상담 완료,13100,6.26,24,만기일시상환,0,0,530,670,의료,4600,24,없음,0,0,0,0,120,1220,5,24,2,임대,서양식,
USR00179,3100,2400,700,1,3100,0,0,0,0,0,대출 계획 없음,0,0,0,해당 없음,0,0,200,0,기타,7900,6,없음,0,0,0,0,12,1270,2,12,1,자동차 관련,,
USR00180,4200,3400,800,1,4200,1,3400,0,0,1,검토 중,8600,8.89,84,만기일시상환,0,0,190,540,가족 지원,2900,18,교육,3400,30,0,0,60,290,0,24,2,제과제빵,음료 (커피 외),
USR00181,8100,6800,1300,1,8100,0,0,0,0,1,검토 중,4200,11.11,60,원리금균등상환,0,0,300,0,없음,0,0,없음,0,0,1,2360,36,540,2.5,24,1,주점,,
USR00182,7400,5900,1500,1,7400,0,0,0,0,1,검토 중,4600,8.41,60,만기일시상환,18400,570,310,490,교육,6800,36,가족 지원,9600,18,0,0,120,390,3.5,6,1,중식,,
USR00183,10000,8300,1700,1,10000,1,2000,1,5000,0,대출 계획 없음,0,0,0,해당 없음,0,0,270,270,결혼,4800,36,없음,0,0,0,0,12,1490,3,24,1,치킨,,
USR00184,5500,4700,800,1,5500,0,0,0,0,1,검토 중,3600,11.61,36,만기일시상환,0,0,560,320,의료,7700,30,없음,0,0,0,0,36,830,5,6,1,커피,,
USR00185,4400,3700,700,1,4400,0,0,0,0,1,승인 완료,11000,9.06,48,만기일시상환,0,0,190,0,차량 구입,2500,36,없음,0,0,0,0,60,330,0,3,1,패스트푸드,,
USR00186,22200,18300,3900,1,22200,0,0,0,0,1,사전 상담 완료,6100,7.93,12,만기일시상환,0,0,520,0,없음,0,0,없음,0,0,0,0,24,1200,3.5,6,1,편의점,,
USR00187,6800,4800,2000,1,6800,0,0,0,0,1,사전 상담 완료,4800,5.6,24,만기일시상환,9200,120,240,0,출산·육아,3300,30,없음,0,0,0,0,120,1050,6,6,3,피자,스포츠 관련,기타도소매
USR00188,1600,1300,300,1,1600,0,0,0,0,1,사전 상담 완료,7000,4.03,36,원리금균등상환,17000,170,210,480,없음,0,0,없음,0,0,0,0,12,300,5,24,2,한식,자동차 관련,
USR00189,5200,4000,1200,1,5200,0,0,1,8400,1,승인 완료,3400,6.44,12,만기일시상환,28100,330,440,150,출산·육아,2400,30,없음,0,0,0,0,6,0,1,6,1,화장품,,
USR00190,11300,9900,1400,1,11300,0,0,1,8400,1,사전 상담 완료,2900,9.37,12,원금균등상환,14800,160,580,480,없음,0,0,없음,0,0,0,0,120,0,0,3,2,PC방,교육 (외국어),
USR02983,2700,2300,400,1,2700,0,0,1,4000,0,대출 계획 없음,0,0,0,해당 없음,0,0,480,370,없음,0,0,없음,0,0,1,1480,12,750,6,24,2,유아 관련 (교육 외),기타 교육,
USR03335,9500,7800,1700,1,9500,0,0,0,0,1,검토 중,13400,10.43,60,원리금균등상환,0,0,420,270,없음,0,0,없음,0,0,0,0,120,540,3,6,1,주점,,
USR03336,2100,1500,600,1,2100,0,0,0,0,1,사전 상담 완료,9800,10.75,60,만기일시상환,0,0,380,0,기타,3200,24,없음,0,0,1,330,120,450,3.5,12,2,중식,일식,
USR03337,11300,8200,3100,1,11300,0,0,1,2900,1,사전 상담 완료,7200,4.98,60,원리금균등상환,0,0,510,820,없음,0,0,없음,0,0,0,0,120,750,5,6,1,치킨,,
USR03338,6600,5900,700,1,6600,0,0,0,0,1,검토 중,2200,6.52,12,원금균등상환,0,0,540,210,없음,0,0,없음,0,0,1,490,12,1240,0,12,1,커피,,
USR03339,7400,6100,1300,1,7400,0,0,0,0,1,검토 중,6900,5.33,120,원리금균등상환,0,0,530,0,의료,4500,36,없음,0,0,0,0,24,460,3,12,2,패스트푸드,편의점,
USR03342,2800,2400,400,1,2800,0,0,0,0,0,대출 계획 없음,0,0,0,해당 없음,0,0,290,600,교육,5800,30,주거 이전,5500,6,0,0,120,1450,5.5,12,1,한식,,
USR03343,2300,2100,200,1,2300,0,0,0,0,1,검토 중,6300,3.27,48,원리금균등상환,0,0,390,900,의료,700,12,없음,0,0,3,5040,6,370,4,12,2,화장품,중식,
USR03344,5900,5100,800,1,5900,0,0,0,0,1,검토 중,1600,7.74,84,만기일시상환,19100,190,570,210,가족 지원,6000,30,없음,0,0,0,0,12,1140,2,3,1,PC방,,
USR03348,3600,3100,500,1,3600,0,0,0,0,1,사전 상담 완료,5400,8.3,60,원리금균등상환,0,0,360,550,없음,0,0,없음,0,0,0,0,24,980,5,6,2,기타 서비스,중식,
USR03349,4300,3000,1300,1,4300,0,0,1,7800,0,대출 계획 없음,0,0,0,해당 없음,0,0,330,0,의료,8900,24,없음,0,0,0,0,24,1470,2,24,1,기타 외국식,,
USR03350,12100,9100,3000,1,12100,0,0,0,0,1,검토 중,14300,3.89,48,원금균등상환,20800,520,340,340,없음,0,0,없음,0,0,1,750,60,810,3.5,6,1,기타 외식,,
USR03351,15500,13800,1700,1,15500,0,0,0,0,1,검토 중,8900,10.42,12,만기일시상환,17100,220,560,800,주거 이전,8000,36,없음,0,0,0,0,120,760,6,24,1,기타도소매,,
USR03352,23400,18600,4800,1,23400,0,0,0,0,0,대출 계획 없음,0,0,0,해당 없음,0,0,480,250,없음,0,0,없음,0,0,0,0,36,860,1.5,24,1,기타도소매,,
USR03353,4100,3100,1000,1,4100,0,0,1,7300,1,검토 중,14600,9.61,84,만기일시상환,0,0,440,350,없음,0,0,없음,0,0,0,0,12,1250,6,6,1,분식,,
USR03355,14500,10600,3900,1,14500,1,4100,0,0,1,승인 완료,11900,6.13,24,만기일시상환,5500,90,280,240,없음,0,0,없음,0,0,0,0,6,1440,6,6,1,세탁,,
USR03359,1700,1300,400,1,1700,0,0,0,0,1,검토 중,7900,4.92,36,만기일시상환,0,0,330,540,결혼,5200,12,없음,0,0,0,0,12,780,2,3,2,기타도소매,제과제빵,
USR03361,11600,8600,3000,1,11600,1,4800,0,0,0,대출 계획 없음,0,0,0,해당 없음,0,0,580,610,기타,4900,12,가족 지원,6600,30,0,0,120,1180,7,12,2,운송,스포츠 관련,
USR03365,26400,20600,5800,1,26400,0,0,0,0,0,대출 계획 없음,0,0,0,해당 없음,0,0,550,260,없음,0,0,없음,0,0,0,0,24,1120,3,12,1,기타도소매,,
USR03366,5400,3800,1600,1,5400,0,0,0,0,1,검토 중,11000,10.42,12,원리금균등상환,0,0,340,870,없음,0,0,없음,0,0,0,0,24,600,4,6,1,이미용,,
USR03369,14900,12900,2000,1,14900,1,2300,1,9100,1,검토 중,7900,11.86,12,원금균등상환,10100,120,480,370,없음,0,0,없음,0,0,0,0,60,1480,1,12,2,일식,기타 외식,
USR03372,11800,9500,2300,1,11800,0,0,0,0,1,검토 중,8900,3.55,24,만기일시상환,15900,450,580,590,주거 이전,9900,36,교육,9100,18,0,0,24,340,6.5,12,2,제과제빵,화장품,
USR03373,5100,3900,1200,1,5100,1,3900,0,0,1,사전 상담 완료,2100,7.9,120,원금균등상환,0,0,310,780,교육,4700,6,의료,5600,18,0,0,60,890,5,6,1,주점,,
USR03374,3300,2400,900,1,3300,0,0,0,0,1,검토 중,14000,4.89,12,만기일시상환,12800,160,220,740,가족 지원,3800,36,기타,4300,30,0,0,120,810,0,6,1,중식,,
USR03375,3200,2400,800,1,3200,0,0,1,8200,1,사전 상담 완료,11800,10.04,84,만기일시상환,0,0,520,180,주거 이전,5500,30,가족 지원,1800,30,0,0,12,750,6,3,1,치킨,,
USR03376,6300,5100,1200,1,6300,0,0,0,0,1,검토 중,4500,6.89,12,만기일시상환,29800,680,270,0,없음,0,0,없음,0,0,0,0,60,910,4,6,3,커피,분식,주점
USR03377,8800,7000,1800,1,8800,0,0,0,0,1,검토 중,4300,8.73,120,원리금균등상환,9900,210,420,700,없음,0,0,없음,0,0,0,0,24,470,4,12,1,패스트푸드,,
USR03380,11500,10000,1500,1,11500,0,0,0,0,0,대출 계획 없음,0,0,0,해당 없음,0,0,230,860,가족 지원,9700,30,없음,0,0,3,1680,120,490,4,12,1,한식,,
USR03381,10100,7200,2900,1,10100,0,0,0,0,1,검토 중,1200,4.39,60,만기일시상환,0,0,220,770,없음,0,0,없음,0,0,0,0,12,1260,2.5,6,1,화장품,,
USR03382,18000,15300,2700,1,18000,0,0,0,0,0,대출 계획 없음,0,0,0,해당 없음,0,0,180,880,없음,0,0,없음,0,0,1,410,24,1360,6,3,1,PC방,,
USR03386,4500,3700,800,1,4500,0,0,0,0,0,대출 계획 없음,0,0,0,해당 없음,0,0,490,570,교육,7100,36,차량 구입,8100,30,2,5690,24,560,5,12,2,기타 서비스,기타도소매,
USR03387,5500,4100,1400,1,5500,0,0,0,0,1,검토 중,9600,5.32,12,원리금균등상환,800,10,560,350,의료,3900,6,결혼,5200,12,0,0,6,1040,2,6,1,기타 외국식,,
USR03388,800,600,200,1,800,1,1000,0,0,1,사전 상담 완료,2000,5.16,12,원금균등상환,0,0,220,720,없음,0,0,없음,0,0,0,0,120,1200,6,12,2,기타 외식,오락,
USR03389,10400,7500,2900,1,10400,0,0,0,0,1,사전 상담 완료,1500,5.97,24,원리금균등상환,21400,440,400,220,기타,3500,24,없음,0,0,0,0,120,1020,1.5,12,1,기타도소매,,
USR03390,6800,5500,1300,1,6800,0,0,1,1100,0,대출 계획 없음,0,0,0,해당 없음,0,0,490,890,없음,0,0,없음,0,0,1,1810,6,0,5.5,6,1,기타도소매,,
USR03391,14400,12600,1800,1,14400,0,0,0,0,1,사전 상담 완료,1800,8.16,84,원리금균등상환,26300,340,310,630,없음,0,0,없음,0,0,0,0,24,1110,4.5,24,1,분식,,
USR03393,26500,21400,5100,1,26500,0,0,0,0,1,검토 중,10300,4.58,120,원리금균등상환,0,0,540,240,없음,0,0,없음,0,0,0,0,24,470,1,12,2,세탁,제과제빵,
USR03399,3900,3400,500,1,3900,0,0,0,0,1,사전 상담 완료,11800,10.25,24,원금균등상환,8600,200,270,0,교육,1900,12,결혼,5600,18,0,0,120,400,2.5,6,2,운송,제과제빵,
USR03404,10100,8600,1500,1,10100,0,0,0,0,1,검토 중,9800,7.26,24,원금균등상환,0,0,460,270,없음,0,0,없음,0,0,0,0,12,1340,6.5,3,1,이미용,,
USR03407,5200,4400,800,1,5200,0,0,1,6200,1,검토 중,10000,3.97,12,만기일시상환,0,0,510,470,결혼,2600,18,없음,0,0,0,0,36,790,2,6,2,일식,교육 (교과),
USR03410,2700,2200,500,1,2700,1,3700,0,0,0,대출 계획 없음,0,0,0,해당 없음,800,20,590,730,출산·육아,1500,30,결혼,5000,18,3,4860,36,0,5,6,1,제과제빵,,
USR03411,11900,10600,1300,1,11900,0,0,0,0,0,대출 계획 없음,0,0,0,해당 없음,0,0,560,800,결혼,9300,18,없음,0,0,0,0,24,360,5.5,12,1,주점,,
USR03412,22000,16900,5100,1,22000,0,0,0,0,1,사전 상담 완료,11800,10.87,24,원리금균등상환,19100,420,460,750,없음,0,0,없음,0,0,0,0,60,1160,3.5,6,2,중식,이미용,
USR03413,13500,11000,2500,1,13500,1,3700,0,0,0,대출 계획 없음,0,0,0,해당 없음,0,0,300,760,없음,0,0,없음,0,0,0,0,12,1390,1.5,12,1,치킨,,
USR03414,7200,6200,1000,1,7200,0,0,1,8900,1,사전 상담 완료,14800,8.28,36,원리금균등상환,25800,370,370,0,없음,0,0,없음,0,0,0,0,60,1280,5,24,2,커피,이미용,
USR03415,22500,16400,6100,1,22500,0,0,0,0,1,사전 상담 완료,8800,5.63,24,만기일시상환,0,0,600,840,없음,0,0,없음,0,0,0,0,120,1110,3,36,1,패스트푸드,,
USR03418,6100,4900,1200,1,6100,0,0,0,0,1,사전 상담 완료,8900,5.16,84,만기일시상환,0,0,360,870,의료,4300,30,없음,0,0,0,0,12,290,3.5,12,1,한식,,
USR03419,12800,10700,2100,1,12800,1,5000,0,0,1,검토 중,5200,9.59,24,원금균등상환,0,0,370,770,가족 지원,8500,12,차량 구입,7200,30,0,0,120,1430,4,12,1,화장품,,
USR03420,3700,2700,1000,1,3700,1,3300,0,0,1,사전 상담 완료,10600,10.43,48,만기일시상환,14400,330,500,830,기타,1700,30,없음,0,0,0,0,6,690,4.5,12,1,PC방,,
USR03424,20400,16100,4300,1,20400,0,0,0,0,1,검토 중,5400,5.64,36,원금균등상환,0,0,250,170,없음,0,0,없음,0,0,0,0,120,270,0,6,1,기타 서비스,,
USR03425,1800,1600,200,1,1800,0,0,0,0,1,검토 중,5200,3.73,120,원금균등상환,0,0,600,490,차량 구입,4400,18,결혼,9300,18,0,0,12,1430,7,6,1,기타 외국식,,
USR03426,3200,2600,600,1,3200,0,0,0,0,1,검토 중,7700,3.25,60,만기일시상환,0,0,300,390,의료,4500,12,없음,0,0,0,0,12,930,5,24,1,기타 외식,,
USR03429,5900,4700,1200,1,5900,0,0,0,0,1,검토 중,7700,9.68,60,만기일시상환,0,0,240,280,주거 이전,5900,36,출산·육아,2800,36,1,2250,24,900,3,24,1,분식,,
USR03431,6400,5300,1100,1,6400,1,4600,0,0,1,검토 중,3900,6.28,120,만기일시상환,0,0,230,680,없음,0,0,없음,0,0,0,0,60,430,2,3,2,세탁,자동차 관련,
USR03437,6100,5500,600,1,6100,0,0,0,0,1,검토 중,13000,4.11,24,원금균등상환,13200,210,470,320,결혼,9300,6,없음,0,0,0,0,24,1460,6.5,12,3,운송,임대,교육 (외국어)
USR03442,20300,15700,4600,1,20300,0,0,0,0,1,검토 중,13500,7.1,60,만기일시상환,10800,110,530,620,주거 이전,9400,36,교육,5700,30,0,0,6,0,0,24,1,이미용,,
USR03445,5500,4000,1500,1,5500,1,2600,1,3700,1,사전 상담 완료,4000,5.13,12,원리금균등상환,0,0,530,720,없음,0,0,없음,0,0,0,0,6,950,6.5,6,1,일식,,
USR03448,3100,2500,600,1,3100,0,0,0,0,1,사전 상담 완료,9300,9.04,12,원금균등상환,0,0,210,0,없음,0,0,없음,0,0,1,890,6,850,6,24,1,제과제빵,,
USR03449,900,700,200,1,900,1,2500,0,0,1,사전 상담 완료,2100,8.92,24,원리금균등상환,0,0,440,740,없음,0,0,없음,0,0,0,0,60,1020,6.5,24,1,주점,,
USR03450,20000,17800,2200,1,20000,0,0,0,0,1,검토 중,14500,4.39,120,원리금균등상환,0,0,150,290,주거 이전,9700,6,의료,9400,18,0,0,120,650,6,6,2,중식,음료 (커피 외),
USR03451,8300,6500,1800,1,8300,0,0,0,0,1,승인 완료,6700,5.7,36,만기일시상환,0,0,480,0,교육,6800,30,출산·육아,9800,24,0,0,12,350,5,24,1,치킨,,
USR03452,2200,1800,400,1,2200,1,2200,0,0,1,검토 중,12200,3.22,60,원금균등상환,0,0,210,300,차량 구입,2200,6,결혼,6800,36,0,0,60,470,0,3,2,커피,유아 관련 (교육 외),
USR03453,5000,3600,1400,1,5000,1,3300,0,0,0,대출 계획 없음,0,0,0,해당 없음,0,0,480,490,주거 이전,3500,12,출산·육아,9700,36,0,0,24,260,2,6,1,패스트푸드,,
USR03456,4500,3300,1200,1,4500,1,600,0,0,1,검토 중,2700,7.44,36,원리금균등상환,27600,370,540,790,없음,0,0,없음,0,0,0,0,24,1220,5.5,3,1,한식,,
USR03457,13000,11500,1500,1,13000,1,1300,0,0,1,검토 중,12400,4.7,12,원금균등상환,23900,250,190,350,주거 이전,4200,24,없음,0,0,1,1030,120,440,6,3,2,화장품,오락,
USR03458,3100,2500,600,1,3100,1,700,0,0,1,검토 중,5300,11.28,60,원금균등상환,3700,40,330,350,없음,0,0,없음,0,0,0,0,12,490,6.5,6,1,PC방,,
USR03462,8800,6700,2100,1,8800,0,0,0,0,0,대출 계획 없음,0,0,0,해당 없음,0,0,350,720,없음,0,0,없음,0,0,0,0,120,1370,6.5,24,1,기타 서비스,,
USR03463,29200,24900,4300,1,29200,0,0,1,2400,1,사전 상담 완료,11400,3.76,84,원금균등상환,0,0,540,210,없음,0,0,없음,0,0,0,0,6,0,4,24,1,기타 외국식,,
USR03464,7100,6100,1000,1,7100,0,0,0,0,1,검토 중,4300,4.68,60,원리금균등상환,0,0,580,650,없음,0,0,없음,0,0,0,0,120,410,2.5,24,1,기타 외식,,
USR03466,9100,7800,1300,1,9100,1,2600,0,0,1,검토 중,9500,4.91,84,원금균등상환,16100,220,540,840,없음,0,0,없음,0,0,0,0,24,290,3.5,6,3,기타도소매,치킨,교육 (교과)
USR03467,6700,5500,1200,1,6700,0,0,0,0,1,검토 중,4200,3.59,36,원리금균등상환,0,0,420,560,의료,2300,24,없음,0,0,0,0,24,0,5,24,2,분식,편의점,
USR03469,3800,3300,500,1,3800,1,3700,1,1000,1,검토 중,8700,5.12,60,만기일시상환,27500,800,340,0,없음,0,0,없음,0,0,2,630,36,560,5.5,12,1,세탁,,
USR03475,1500,1300,200,1,1500,0,0,0,0,1,승인 완료,12700,7.11,84,만기일시상환,0,0,430,300,차량 구입,700,30,없음,0,0,0,0,12,1130,0,12,2,운송,기타도소매,
USR03480,3800,3100,700,1,3800,0,0,1,6200,1,사전 상담 완료,6500,6.32,12,원금균등상환,0,0,500,0,없음,0,0,없음,0,0,0,0,6,510,4.5,6,1,이미용,,
USR03483,26900,23200,3700,1,26900,1,2400,0,0,1,검토 중,12700,8.07,120,만기일시상환,0,0,180,0,교육,2900,6,기타,8200,30,0,0,36,0,5.5,12,1,일식,,
USR03486,9300,7100,2200,1,9300,0,0,1,8000,1,사전 상담 완료,7200,11.96,120,원리금균등상환,0,0,320,560,없음,0,0,없음,0,0,0,0,12,1050,5.5,24,1,제과제빵,,
USR03487,7300,5600,1700,1,7300,0,0,0,0,1,사전 상담 완료,13900,8.35,48,만기일시상환,0,0,310,0,의료,4100,30,없음,0,0,0,0,6,1450,5.5,24,2,주점,유아 관련 (교육 외),
USR03488,4900,3700,1200,1,4900,0,0,0,0,0,대출 계획 없음,0,0,0,해당 없음,4800,70,170,480,없음,0,0,없음,0,0,0,0,60,720,5,6,1,중식,,
USR03490,2300,1700,600,1,2300,0,0,0,0,1,검토 중,10400,10.98,120,원리금균등상환,6700,120,530,460,없음,0,0,없음,0,0,0,0,24,1370,3.5,12,1,커피,,
USR03491,8600,7400,1200,1,8600,1,1700,0,0,1,사전 상담 완료,13300,6.93,84,원금균등상환,0,0,280,800,없음,0,0,없음,0,0,1,1080,12,1230,4,6,1,패스트푸드,,
USR03494,3300,2900,400,1,3300,1,3100,0,0,1,검토 중,3800,10.12,24,원리금균등상환,0,0,460,0,없음,0,0,없음,0,0,0,0,60,1370,4,24,1,한식,,
USR03495,14100,11900,2200,1,14100,0,0,0,0,1,검토 중,8000,11.95,120,만기일시상환,0,0,480,270,없음,0,0,없음,0,0,0,0,6,600,3.5,12,1,화장품,,
USR03496,1500,1200,300,1,1500,0,0,1,2000,1,검토 중,14400,6.28,24,만기일시상환,18200,190,520,0,의료,4000,6,없음,0,0,0,0,36,330,1.5,12,1,PC방,,
USR03500,1900,1700,200,1,1900,1,2100,0,0,1,검토 중,1900,3.66,120,원금균등상환,29400,420,460,640,기타,9900,6,의료,8900,30,0,0,24,270,4,12,1,기타 서비스,,
USR03501,3800,3100,700,1,3800,1,4100,0,0,1,검토 중,10900,4.69,24,원금균등상환,0,0,210,880,기타,2200,24,없음,0,0,0,0,6,1430,2,12,1,기타 외국식,,
USR03502,3900,3000,900,1,3900,0,0,0,0,1,사전 상담 완료,9000,4.53,48,원리금균등상환,22700,270,330,460,없음,0,0,없음,0,0,0,0,36,1410,6,12,1,기타 외식,,
USR03505,21900,19100,2800,1,21900,0,0,0,0,0,대출 계획 없음,0,0,0,해당 없음,0,0,250,850,주거 이전,6800,6,없음,0,0,0,0,24,0,2,24,1,분식,,
USR03507,1500,1100,400,1,1500,1,3800,0,0,1,검토 중,4000,6.34,48,만기일시상환,0,0,250,390,없음,0,0,없음,0,0,0,0,24,0,6,24,2,세탁,교육 (교과),
USR03513,14200,12200,2000,1,14200,0,0,0,0,1,검토 중,8200,3.85,36,원리금균등상환,0,0,260,330,의료,9800,18,없음,0,0,0,0,60,500,6.5,12,3,운송,안경,교육 (교과)
USR03518,28300,21900,6400,1,28300,0,0,0,0,0,대출 계획 없음,0,0,0,해당 없음,0,0,300,430,교육,4100,36,없음,0,0,0,0,36,0,0,36,1,이미용,,
USR03521,5500,3900,1600,1,5500,1,2400,0,0,1,검토 중,14500,4.91,48,원리금균등상환,0,0,280,850,없음,0,0,없음,0,0,0,0,120,1180,6.5,6,2,일식,기타도소매,
USR06671,13500,12100,1400,1,13500,1,2500,0,0,1,검토 중,13700,3.8,12,만기일시상환,0,0,400,880,없음,0,0,없음,0,0,0,0,24,1190,2.5,36,2,기타도소매,기타 외식,
USR06676,900,700,200,1,900,0,0,0,0,0,대출 계획 없음,0,0,0,해당 없음,0,0,280,0,주거 이전,8500,6,없음,0,0,2,5030,24,480,4.5,12,1,임대,,
USR06678,6700,5100,1600,1,6700,0,0,0,0,1,검토 중,6300,7.7,48,만기일시상환,0,0,540,640,없음,0,0,없음,0,0,0,0,6,400,3.5,24,1,제과제빵,,
USR06679,4300,3700,600,1,4300,1,1500,0,0,1,검토 중,2700,5.24,84,원리금균등상환,0,0,530,0,없음,0,0,없음,0,0,0,0,12,820,0,6,1,주점,,
USR06680,7600,5300,2300,1,7600,0,0,0,0,1,사전 상담 완료,2100,11.46,60,원금균등상환,0,0,460,590,없음,0,0,없음,0,0,0,0,60,820,4,24,2,중식,교육 (교과),
USR06681,8400,7200,1200,1,8400,0,0,0,0,1,검토 중,6200,3.85,84,원금균등상환,10100,170,490,760,차량 구입,4300,18,없음,0,0,0,0,120,1310,2.5,12,1,치킨,,
USR06685,13000,9700,3300,1,13000,0,0,0,0,1,검토 중,8500,3.17,12,원리금균등상환,4000,50,550,640,없음,0,0,없음,0,0,0,0,24,0,5.5,3,2,피자,서양식,
USR06686,13700,11700,2000,1,13700,0,0,0,0,1,검토 중,3000,9.18,24,원금균등상환,0,0,460,550,없음,0,0,없음,0,0,0,0,12,790,5.5,24,1,한식,,
USR06689,10600,8200,2400,1,10600,1,4700,0,0,1,검토 중,14500,9.74,24,원금균등상환,25600,370,550,0,없음,0,0,없음,0,0,0,0,6,420,4.5,3,1,교육 (교과),,
USR06691,800,600,200,1,800,0,0,1,1200,1,사전 상담 완료,12200,5.02,36,원리금균등상환,0,0,530,150,의료,4600,12,없음,0,0,0,0,36,560,2,3,1,기타 교육,,
USR06692,6200,4600,1600,1,6200,1,1800,0,0,0,대출 계획 없음,0,0,0,해당 없음,1000,20,350,410,결혼,4600,36,없음,0,0,0,0,120,410,4.5,12,1,기타 서비스,,
USR06694,12200,10300,1900,1,12200,1,4400,0,0,1,사전 상담 완료,8900,3.31,12,원금균등상환,24600,410,370,540,없음,0,0,없음,0,0,0,0,12,1130,4,6,1,기타 외식,,
USR06695,8000,7000,1000,1,8000,0,0,0,0,1,검토 중,9800,5.41,120,원금균등상환,26200,750,490,180,없음,0,0,없음,0,0,0,0,60,800,4.5,12,1,기타도소매,,
USR06700,2500,2200,300,1,2500,0,0,1,7300,1,검토 중,2400,7.82,60,원리금균등상환,21900,420,180,890,주거 이전,5300,12,없음,0,0,0,0,24,1020,2,12,2,스포츠 관련,인력 파견,
USR06709,2100,1800,300,1,2100,0,0,0,0,1,검토 중,1700,10.73,36,원리금균등상환,0,0,370,0,결혼,3700,36,없음,0,0,0,0,120,660,3.5,12,1,기타도소매,,
USR06714,10900,9000,1900,1,10900,0,0,0,0,0,대출 계획 없음,0,0,0,해당 없음,13800,190,200,0,결혼,7600,18,없음,0,0,0,0,60,1320,5.5,6,1,임대,,
USR06716,5900,4400,1500,1,5900,0,0,1,2400,0,대출 계획 없음,0,0,0,해당 없음,18700,260,530,250,없음,0,0,없음,0,0,0,0,60,570,5,24,2,제과제빵,피자,
USR06717,1200,1000,200,1,1200,1,1900,0,0,1,사전 상담 완료,4400,6.86,24,만기일시상환,0,0,170,0,없음,0,0,없음,0,0,0,0,12,1080,4,6,1,주점,,
USR06718,29600,25600,4000,1,29600,1,4600,0,0,1,승인 완료,13900,11.75,24,만기일시상환,22400,570,520,630,의료,4600,30,주거 이전,8000,18,0,0,60,1230,6.5,24,1,중식,,
USR06719,3700,3000,700,1,3700,0,0,0,0,0,대출 계획 없음,0,0,0,해당 없음,0,0,410,740,없음,0,0,없음,0,0,0,0,60,1150,1.5,6,2,치킨,PC방,
USR06723,6400,5700,700,1,6400,1,4900,0,0,1,검토 중,5700,4.02,84,원리금균등상환,0,0,160,480,교육,1600,36,없음,0,0,0,0,60,1390,1.5,12,1,피자,,
USR06724,6600,5400,1200,1,6600,1,4500,0,0,0,대출 계획 없음,0,0,0,해당 없음,0,0,450,250,가족 지원,9200,36,없음,0,0,0,0,24,1190,4,12,1,한식,,
USR06727,13900,10700,3200,1,13900,0,0,0,0,0,대출 계획 없음,0,0,0,해당 없음,0,0,460,0,없음,0,0,없음,0,0,0,0,36,400,5.5,24,1,교육 (교과),,
USR06729,14600,12800,1800,1,14600,0,0,0,0,1,검토 중,3700,3.9,120,원금균등상환,12100,140,150,520,기타,4900,6,없음,0,0,0,0,120,1170,2,12,1,기타 교육,,
USR06730,2500,1900,600,1,2500,1,4500,0,0,0,대출 계획 없음,0,0,0,해당 없음,13200,280,470,310,없음,0,0,없음,0,0,0,0,24,560,4,24,2,기타 서비스,분식,
USR06732,25300,18500,6800,1,25300,0,0,0,0,1,검토 중,1100,4.64,60,만기일시상환,24200,270,320,340,교육,6900,36,없음,0,0,0,0,36,680,6,12,1,기타 외식,,
USR06733,10800,8600,2200,1,10800,0,0,1,5200,0,대출 계획 없음,0,0,0,해당 없음,0,0,360,0,없음,0,0,없음,0,0,0,0,120,510,5,24,1,기타도소매,,
USR06738,3600,2700,900,1,3600,0,0,0,0,1,검토 중,13000,3.82,36,원금균등상환,0,0,260,740,결혼,2000,24,주거 이전,5700,24,0,0,60,1410,2.5,36,1,스포츠 관련,,
USR06747,900,700,200,1,900,0,0,0,0,0,대출 계획 없음,0,0,0,해당 없음,10200,260,410,480,없음,0,0,없음,0,0,0,0,12,1320,3.5,12,1,기타도소매,,
USR06752,9300,7800,1500,1,9300,1,1700,1,4000,1,검토 중,13000,4.67,120,만기일시상환,0,0,310,520,없음,0,0,없음,0,0,0,0,36,510,2,24,2,임대,제과제빵,
USR06754,7300,6000,1300,1,7300,0,0,1,8000,1,검토 중,3200,10.7,84,만기일시상환,23500,610,590,250,없음,0,0,없음,0,0,0,0,24,940,2.5,6,1,제과제빵,,
USR06755,6300,4500,1800,1,6300,1,4300,0,0,1,검토 중,12800,4.05,48,원금균등상환,11600,290,490,280,결혼,8400,24,없음,0,0,0,0,24,1070,6,12,1,주점,,
USR06756,4600,3300,1300,1,4600,0,0,0,0,1,검토 중,13500,11.1,36,만기일시상환,5400,120,410,870,차량 구입,4500,6,없음,0,0,0,0,60,870,3,3,1,중식,,
USR06757,6800,5200,1600,1,6800,0,0,0,0,1,사전 상담 완료,9100,11.53,120,원금균등상환,0,0,490,710,없음,0,0,없음,0,0,1,2120,60,560,3.5,12,1,치킨,,
USR06761,19900,14700,5200,1,19900,1,600,0,0,1,사전 상담 완료,8100,9.45,12,만기일시상환,0,0,480,0,없음,0,0,없음,0,0,0,0,12,440,5,12,1,피자,,
USR06762,2000,1800,200,1,2000,0,0,0,0,1,검토 중,14600,9.01,48,원금균등상환,10200,180,170,480,없음,0,0,없음,0,0,0,0,36,470,7,24,1,한식,,
USR06765,9200,7100,2100,1,9200,0,0,0,0,0,대출 계획 없음,0,0,0,해당 없음,15500,500,390,220,없음,0,0,없음,0,0,0,0,12,1370,5,24,3,교육 (교과),주점,임대
USR06767,600,400,200,1,600,0,0,1,4800,1,사전 상담 완료,2300,3.23,48,만기일시상환,10800,130,450,800,없음,0,0,없음,0,0,0,0,36,330,6.5,24,2,기타 교육,한식,
USR06768,5400,4100,1300,1,5400,0,0,0,0,1,검토 중,6100,4.32,84,원금균등상환,0,0,290,0,없음,0,0,없음,0,0,0,0,120,1010,1,24,2,기타 서비스,유아 관련 (교육 외),
USR06770,4000,3200,800,1,4000,1,1500,0,0,1,검토 중,3600,5.78,36,원금균등상환,0,0,170,530,교육,5300,30,없음,0,0,0,0,6,1430,1,12,2,기타 외식,패스트푸드,
USR06776,2200,1700,500,1,2200,0,0,0,0,0,대출 계획 없음,0,0,0,해당 없음,0,0,420,560,출산·육아,5300,12,없음,0,0,0,0,24,1340,7,24,1,스포츠 관련,,
USR06790,10200,8200,2000,1,10200,0,0,0,0,0,대출 계획 없음,0,0,0,해당 없음,10200,290,420,550,없음,0,0,없음,0,0,0,0,12,960,2,6,1,임대,,
USR06792,16000,11200,4800,1,16000,0,0,0,0,0,대출 계획 없음,0,0,0,해당 없음,1900,20,300,760,차량 구입,5800,18,주거 이전,7000,12,0,0,120,300,6,12,1,제과제빵,,
USR06793,500,300,200,1,500,1,2800,0,0,1,사전 상담 완료,6800,9.31,24,원리금균등상환,0,0,240,0,없음,0,0,없음,0,0,0,0,6,380,3,12,1,주점,,
USR06794,12600,9900,2700,1,12600,0,0,0,0,0,대출 계획 없음,0,0,0,해당 없음,3400,40,300,550,없음,0,0,없음,0,0,0,0,36,460,4.5,6,1,중식,,
USR06795,29100,25100,4000,1,29100,1,3600,0,0,0,대출 계획 없음,0,0,0,해당 없음,4400,60,550,540,없음,0,0,없음,0,0,0,0,12,1090,6.5,6,1,치킨,,
USR06799,4800,3400,1400,1,4800,0,0,0,0,1,검토 중,8600,11,36,원리금균등상환,0,0,280,510,주거 이전,600,30,없음,0,0,0,0,60,390,5.5,24,1,피자,,
USR06800,7100,5700,1400,1,7100,1,1300,0,0,0,대출 계획 없음,0,0,0,해당 없음,21800,640,460,190,기타,9800,36,없음,0,0,1,2550,60,1060,0,12,1,한식,,
USR06803,9200,7500,1700,1,9200,1,3500,0,0,1,승인 완료,2300,8.3,48,원금균등상환,14100,200,520,360,출산·육아,9500,30,교육,500,36,0,0,36,1030,4.5,12,1,교육 (교과),,
USR06805,1000,800,200,1,1000,1,2000,1,7400,1,검토 중,13100,10.27,60,만기일시상환,16900,180,340,770,없음,0,0,없음,0,0,0,0,12,720,0,12,1,기타 교육,,
USR06806,26100,22000,4100,1,26100,0,0,0,0,1,검토 중,12300,4.79,120,원리금균등상환,19600,200,240,0,없음,0,0,없음,0,0,0,0,12,1020,2.5,12,1,기타 서비스,,
USR06808,6000,4200,1800,1,6000,1,3800,0,0,0,대출 계획 없음,0,0,0,해당 없음,0,0,460,840,가족 지원,900,18,없음,0,0,0,0,12,1160,5.5,12,2,기타 외식,치킨,
USR06814,3900,3400,500,1,3900,0,0,0,0,1,검토 중,5200,3.68,48,원리금균등상환,0,0,350,320,없음,0,0,없음,0,0,0,0,12,1070,6.5,12,1,스포츠 관련,,
USR06828,11100,8500,2600,1,11100,0,0,0,0,0,대출 계획 없음,0,0,0,해당 없음,0,0,590,510,차량 구입,7100,12,없음,0,0,0,0,36,1210,5,12,1,임대,,
USR06830,6400,4900,1500,1,6400,1,1700,0,0,1,사전 상담 완료,12700,7.44,48,만기일시상환,6200,60,230,0,없음,0,0,없음,0,0,0,0,36,1360,2.5,12,1,제과제빵,,
USR06831,6900,5000,1900,1,6900,0,0,1,2800,0,대출 계획 없음,0,0,0,해당 없음,2000,30,600,0,없음,0,0,없음,0,0,0,0,24,710,0,24,2,주점,분식,
USR06832,4000,3300,700,1,4000,0,0,0,0,1,검토 중,13100,4.65,60,원리금균등상환,0,0,390,190,없음,0,0,없음,0,0,0,0,24,1000,0,3,1,중식,,
USR06833,1400,1200,200,1,1400,1,1900,0,0,1,검토 중,8200,8.18,12,원리금균등상환,0,0,480,330,출산·육아,5400,6,없음,0,0,2,3470,12,1160,5.5,24,1,치킨,,
USR06837,1800,1400,400,1,1800,0,0,0,0,1,사전 상담 완료,11500,7.95,12,만기일시상환,0,0,420,860,주거 이전,9900,6,없음,0,0,0,0,12,1060,4.5,24,2,피자,기타도소매,
USR06838,3700,2900,800,1,3700,0,0,1,4100,1,검토 중,4200,10.17,48,만기일시상환,0,0,580,900,없음,0,0,없음,0,0,0,0,12,710,4.5,24,1,한식,,
USR06841,4300,3300,1000,1,4300,1,3000,0,0,1,검토 중,7000,3.4,84,원리금균등상환,0,0,540,380,없음,0,0,없음,0,0,0,0,12,930,5.5,12,1,교육 (교과),,
USR06844,9800,7700,2100,1,9800,0,0,0,0,0,대출 계획 없음,0,0,0,해당 없음,0,0,430,640,없음,0,0,없음,0,0,0,0,60,430,0,6,2,기타 서비스,중식,
USR06846,6100,4500,1600,1,6100,1,2300,0,0,0,대출 계획 없음,0,0,0,해당 없음,16600,220,450,580,없음,0,0,없음,0,0,0,0,60,1130,0,12,2,기타 외식,자동차 관련,
USR06852,6300,5300,1000,1,6300,0,0,0,0,0,대출 계획 없음,0,0,0,해당 없음,24900,790,240,540,없음,0,0,없음,0,0,0,0,24,630,2,36,2,스포츠 관련,커피,
USR07005,2900,2000,900,1,2900,0,0,0,0,1,검토 중,5500,10.35,24,만기일시상환,22300,500,300,520,차량 구입,4400,6,교육,4200,12,0,0,24,1150,2.5,24,2,아이스크림/빙수 ,기타도소매,
USR07879,700,500,200,1,700,0,0,0,0,1,검토 중,2300,11.14,120,원금균등상환,0,0,330,620,기타,4500,30,결혼,7100,24,0,0,60,1370,1.5,3,2,아이스크림/빙수 ,기타도소매,
USR08069,4200,3400,800,1,4200,0,0,0,0,1,사전 상담 완료,12900,8.36,60,원금균등상환,0,0,460,0,없음,0,0,없음,0,0,0,0,120,740,6,12,2,아이스크림/빙수 ,기타도소매,
USR08335,4400,3800,600,1,4400,0,0,0,0,1,검토 중,5000,9.49,120,만기일시상환,4800,90,200,760,가족 지원,3900,24,없음,0,0,0,0,60,1490,0,6,3,아이스크림/빙수 ,기타도소매,임대
USR09019,2200,1800,400,1,2200,1,2500,0,0,1,승인 완료,5700,6.41,60,만기일시상환,0,0,210,780,없음,0,0,없음,0,0,0,0,6,1330,7,12,2,아이스크림/빙수 ,기타도소매,
